traffic_source,year,month,sessions
Email,2019,1,3436
Adwords,2019,1,2272
Facebook,2019,1,833
YouTube,2019,1,755
Organic,2019,1,377
Email,2019,2,3167
Adwords,2019,2,2169
Facebook,2019,2,740
YouTube,2019,2,724
Organic,2019,2,395
Email,2019,3,3580
Adwords,2019,3,2448
YouTube,2019,3,875
Facebook,2019,3,789
Organic,2019,3,403
Email,2019,4,3519
Adwords,2019,4,2309
Facebook,2019,4,798
YouTube,2019,4,781
Organic,2019,4,401
Email,2019,5,3702
Adwords,2019,5,2431
YouTube,2019,5,810
Facebook,2019,5,808
Organic,2019,5,377
Email,2019,6,3518
Adwords,2019,6,2391
Facebook,2019,6,816
YouTube,2019,6,759
Organic,2019,6,395
Email,2019,7,3579
Adwords,2019,7,2386
Facebook,2019,7,888
YouTube,2019,7,827
Organic,2019,7,387
Email,2019,8,3880
Adwords,2019,8,2384
Facebook,2019,8,828
YouTube,2019,8,825
Organic,2019,8,426
Email,2019,9,3666
Adwords,2019,9,2380
YouTube,2019,9,875
Facebook,2019,9,797
Organic,2019,9,359
Email,2019,10,3747
Adwords,2019,10,2613
Facebook,2019,10,860
YouTube,2019,10,809
Organic,2019,10,409
Email,2019,11,3627
Adwords,2019,11,2424
YouTube,2019,11,838
Facebook,2019,11,778
Organic,2019,11,436
Email,2019,12,3813
Adwords,2019,12,2503
YouTube,2019,12,875
Facebook,2019,12,829
Organic,2019,12,402
Email,2020,1,3895
Adwords,2020,1,2556
YouTube,2020,1,893
Facebook,2020,1,860
Organic,2020,1,410
Email,2020,2,3619
Adwords,2020,2,2434
YouTube,2020,2,812
Facebook,2020,2,775
Organic,2020,2,407
Email,2020,3,3937
Adwords,2020,3,2634
Facebook,2020,3,863
YouTube,2020,3,820
Organic,2020,3,405
Email,2020,4,3818
Adwords,2020,4,2503
Facebook,2020,4,852
YouTube,2020,4,827
Organic,2020,4,403
Email,2020,5,3917
Adwords,2020,5,2621
YouTube,2020,5,917
Facebook,2020,5,882
Organic,2020,5,457
Email,2020,6,3857
Adwords,2020,6,2498
YouTube,2020,6,922
Facebook,2020,6,870
Organic,2020,6,426
Email,2020,7,4152
Adwords,2020,7,2673
YouTube,2020,7,916
Facebook,2020,7,900
Organic,2020,7,391
Email,2020,8,4036
Adwords,2020,8,2641
Facebook,2020,8,920
YouTube,2020,8,890
Organic,2020,8,456
Email,2020,9,3904
Adwords,2020,9,2571
YouTube,2020,9,884
Facebook,2020,9,848
Organic,2020,9,476
Email,2020,10,4092
Adwords,2020,10,2759
YouTube,2020,10,926
Facebook,2020,10,921
Organic,2020,10,424
Email,2020,11,3908
Adwords,2020,11,2579
Facebook,2020,11,877
YouTube,2020,11,851
Organic,2020,11,440
Email,2020,12,4146
Adwords,2020,12,2755
YouTube,2020,12,928
Facebook,2020,12,906
Organic,2020,12,433
Email,2021,1,4131
Adwords,2021,1,2696
YouTube,2021,1,976
Facebook,2021,1,923
Organic,2021,1,464
Email,2021,2,3842
Adwords,2021,2,2549
Facebook,2021,2,885
YouTube,2021,2,863
Organic,2021,2,427
Email,2021,3,4206
Adwords,2021,3,2774
Facebook,2021,3,951
YouTube,2021,3,938
Organic,2021,3,484
Email,2021,4,4188
Adwords,2021,4,2799
YouTube,2021,4,916
Facebook,2021,4,914
Organic,2021,4,444
Email,2021,5,4272
Adwords,2021,5,2878
Facebook,2021,5,970
YouTube,2021,5,967
Organic,2021,5,466
Email,2021,6,4184
Adwords,2021,6,2905
YouTube,2021,6,986
Facebook,2021,6,948
Organic,2021,6,472
Email,2021,7,4520
Adwords,2021,7,2899
YouTube,2021,7,1046
Facebook,2021,7,1023
Organic,2021,7,474
Email,2021,8,4438
Adwords,2021,8,3012
YouTube,2021,8,994
Facebook,2021,8,990
Organic,2021,8,457
Email,2021,9,4337
Adwords,2021,9,2947
Facebook,2021,9,987
YouTube,2021,9,909
Organic,2021,9,507
Email,2021,10,4602
Adwords,2021,10,2992
Facebook,2021,10,1037
YouTube,2021,10,974
Organic,2021,10,485
Email,2021,11,4392
Adwords,2021,11,2937
YouTube,2021,11,940
Facebook,2021,11,938
Organic,2021,11,529
Email,2021,12,4621
Adwords,2021,12,3062
YouTube,2021,12,1084
Facebook,2021,12,1055
Organic,2021,12,487
Email,2022,1,4772
Adwords,2022,1,3192
Facebook,2022,1,1036
YouTube,2022,1,1003
Organic,2022,1,544
Email,2022,2,4226
Adwords,2022,2,2910
Facebook,2022,2,960
YouTube,2022,2,910
Organic,2022,2,439
Email,2022,3,4744
Adwords,2022,3,3120
Facebook,2022,3,1129
YouTube,2022,3,1101
Organic,2022,3,575
Email,2022,4,4664
Adwords,2022,4,3057
Facebook,2022,4,1058
YouTube,2022,4,1006
Organic,2022,4,487
Email,2022,5,4841
Adwords,2022,5,3219
Facebook,2022,5,1092
YouTube,2022,5,1031
Organic,2022,5,538
Email,2022,6,4752
Adwords,2022,6,3153
YouTube,2022,6,1071
Facebook,2022,6,1052
Organic,2022,6,501
Email,2022,7,4880
Adwords,2022,7,3352
Facebook,2022,7,1091
YouTube,2022,7,1064
Organic,2022,7,518
Email,2022,8,5151
Adwords,2022,8,3403
YouTube,2022,8,1163
Facebook,2022,8,1153
Organic,2022,8,551
Email,2022,9,4920
Adwords,2022,9,3272
YouTube,2022,9,1112
Facebook,2022,9,1101
Organic,2022,9,560
Email,2022,10,5195
Adwords,2022,10,3377
Facebook,2022,10,1181
YouTube,2022,10,1171
Organic,2022,10,594
Email,2022,11,5022
Adwords,2022,11,3345
Facebook,2022,11,1172
YouTube,2022,11,1088
Organic,2022,11,565
Email,2022,12,5380
Adwords,2022,12,3565
YouTube,2022,12,1170
Facebook,2022,12,1141
Organic,2022,12,570
Email,2023,1,5354
Adwords,2023,1,3671
Facebook,2023,1,1224
YouTube,2023,1,1201
Organic,2023,1,596
Email,2023,2,4921
Adwords,2023,2,3375
YouTube,2023,2,1178
Facebook,2023,2,1105
Organic,2023,2,568
Email,2023,3,5686
Adwords,2023,3,3619
YouTube,2023,3,1240
Facebook,2023,3,1211
Organic,2023,3,659
Email,2023,4,5493
Adwords,2023,4,3607
Facebook,2023,4,1228
YouTube,2023,4,1228
Organic,2023,4,605
Email,2023,5,5865
Adwords,2023,5,3868
YouTube,2023,5,1283
Facebook,2023,5,1255
Organic,2023,5,665
Email,2023,6,5629
Adwords,2023,6,3805
Facebook,2023,6,1286
YouTube,2023,6,1255
Organic,2023,6,650
Email,2023,7,5890
Adwords,2023,7,3920
Facebook,2023,7,1446
YouTube,2023,7,1338
Organic,2023,7,622
Email,2023,8,6266
Adwords,2023,8,4093
YouTube,2023,8,1383
Facebook,2023,8,1344
Organic,2023,8,666
Email,2023,9,6232
Adwords,2023,9,4073
YouTube,2023,9,1379
Facebook,2023,9,1324
Organic,2023,9,698
Email,2023,10,6501
Adwords,2023,10,4326
YouTube,2023,10,1461
Facebook,2023,10,1417
Organic,2023,10,720
Email,2023,11,6460
Adwords,2023,11,4334
YouTube,2023,11,1482
Facebook,2023,11,1467
Organic,2023,11,734
Email,2023,12,6977
Adwords,2023,12,4636
Facebook,2023,12,1570
YouTube,2023,12,1535
Organic,2023,12,749
Email,2024,1,7126
Adwords,2024,1,4807
YouTube,2024,1,1646
Facebook,2024,1,1588
Organic,2024,1,807
Email,2024,2,7222
Adwords,2024,2,4816
YouTube,2024,2,1604
Facebook,2024,2,1585
Organic,2024,2,752
Email,2024,3,8201
Adwords,2024,3,5457
Facebook,2024,3,1861
YouTube,2024,3,1843
Organic,2024,3,897
Email,2024,4,9303
Adwords,2024,4,6194
YouTube,2024,4,2068
Facebook,2024,4,2017
Organic,2024,4,1029
Email,2024,5,5242
Adwords,2024,5,3583
YouTube,2024,5,1179
Facebook,2024,5,1168
Organic,2024,5,601
